john johndoe@example.com
katie katie2016@example.com
marcos marcos@example.com
lucas lucasv@example.com
gabriel gbbram@example.com
rafael rafael@example.com
murilo murilo@example.com
natasha natasha@example.com
tony tony@example.com
jose jose@example.com
john johndoe@example.com
katie katie2016@example.com
marcos marcos@example.com
lucas lucasv@example.com
gabriel gbbram@example.com
rafael rafael@example.com
murilo murilo@example.com
natasha natasha@example.com
tony tony@example.com
jose jose@example.com